title,img_src,link,author,publisher,price
카구야 프로젝트,https://bookthumb-phinf.pstatic.net/cover/163/403/16340354.jpg?type=m1&udate=Fri Apr 24 02:45:56 KST 2020,http://book.naver.com/bookdb/book_detail.nhn?bid=16340354, 원샨,아작,"13,320원(-10%)"
"서른다섯, 다시 시작해",https://bookthumb-phinf.pstatic.net/cover/163/293/16329358.jpg?type=m1&udate=Fri Apr 24 02:45:56 KST 2020,http://book.naver.com/bookdb/book_detail.nhn?bid=16329358, 강혁모,마음세상,"11,880원(-10%)"
밤 끝으로의 여행,https://bookthumb-phinf.pstatic.net/cover/163/400/16340053.jpg?type=m1&udate=Fri Apr 24 02:45:56 KST 2020,http://book.naver.com/bookdb/book_detail.nhn?bid=16340053, 루이 훼르디낭 쎌린느,최측의농간,"25,200원(-10%)"
겐지 이야기 1,https://bookthumb-phinf.pstatic.net/cover/163/242/16324205.jpg?type=m1&udate=Fri Apr 24 02:45:56 KST 2020,http://book.naver.com/bookdb/book_detail.nhn?bid=16324205, 무라사키 시키부,동서문화사,"14,400원(-10%)"
달뜨기 마을,https://bookthumb-phinf.pstatic.net/cover/163/392/16339255.jpg?type=m1&udate=Fri Apr 24 02:45:56 KST 2020,http://book.naver.com/bookdb/book_detail.nhn?bid=16339255, 안재성,목선재,"12,420원(-10%)"
겐지 이야기 2,https://bookthumb-phinf.pstatic.net/cover/163/242/16324208.jpg?type=m1&udate=Fri Apr 24 02:45:56 KST 2020,http://book.naver.com/bookdb/book_detail.nhn?bid=16324208, 무라사키 시키부,동서문화사,"14,400원(-10%)"
겐지 이야기 3,https://bookthumb-phinf.pstatic.net/cover/163/242/16324210.jpg?type=m1&udate=Fri Apr 24 02:45:56 KST 2020,http://book.naver.com/bookdb/book_detail.nhn?bid=16324210, 무라사키 시키부,동서문화사,"14,400원(-10%)"
맥티그,https://bookthumb-phinf.pstatic.net/cover/163/382/16338281.jpg?type=m1&udate=Fri Apr 24 02:45:56 KST 2020,http://book.naver.com/bookdb/book_detail.nhn?bid=16338281, 프랭크 노리스,을유문화사,"14,400원(-10%)"
초판본 걸리버 여행기,https://bookthumb-phinf.pstatic.net/cover/163/388/16338832.jpg?type=m1&udate=Fri Apr 24 02:45:56 KST 2020,http://book.naver.com/bookdb/book_detail.nhn?bid=16338832, 조너선 스위프트,더스토리,"9,900원(-10%)"
역주 동래박의 4,https://bookthumb-phinf.pstatic.net/cover/163/263/16326322.jpg?type=m1&udate=Fri Apr 24 02:45:56 KST 2020,http://book.naver.com/bookdb/book_detail.nhn?bid=16326322, 여조겸 저,전통문화연구회,"30,600원(-10%)"
"따뜻하게, 다시 1",https://bookthumb-phinf.pstatic.net/cover/163/131/16313196.jpg?type=m1&udate=Fri Apr 24 02:45:56 KST 2020,http://book.naver.com/bookdb/book_detail.nhn?bid=16313196, 채현진,플레이블(예원북스),"10,800원(-10%)"
브라질의 하룻밤,https://ssl.pstatic.net/static/book/image/juvenile_pest_82X116.gif&udate=Fri Apr 24 02:45:56 KST 2020,http://book.naver.com/bookdb/book_detail.nhn?bid=16340377, 문희,예원북스,"8,100원(-10%)"
"따뜻하게, 다시 2",https://bookthumb-phinf.pstatic.net/cover/163/132/16313201.jpg?type=m1&udate=Fri Apr 24 02:45:56 KST 2020,http://book.naver.com/bookdb/book_detail.nhn?bid=16313201, 채현진,플레이블(예원북스),"10,800원(-10%)"
우아한 야만의 바다 1,https://ssl.pstatic.net/static/book/image/juvenile_pest_82X116.gif&udate=Fri Apr 24 02:45:56 KST 2020,http://book.naver.com/bookdb/book_detail.nhn?bid=16324217, 틸다킴,퀸즈셀렉션,"10,350원(-10%)"
우아한 야만의 바다 2,https://ssl.pstatic.net/static/book/image/juvenile_pest_82X116.gif&udate=Fri Apr 24 02:45:56 KST 2020,http://book.naver.com/bookdb/book_detail.nhn?bid=16324218, 틸다킴,퀸즈셀렉션,"10,350원(-10%)"
"따뜻하게, 다시 세트(전2권)",https://bookthumb-phinf.pstatic.net/cover/163/132/16313203.jpg?type=m1&udate=Fri Apr 24 02:45:56 KST 2020,http://book.naver.com/bookdb/book_detail.nhn?bid=16313203, 채현진,플레이블(예원북스),"21,600원(-10%)"
우아한 야만의 바다 세트(전2권),https://ssl.pstatic.net/static/book/image/juvenile_pest_82X116.gif&udate=Fri Apr 24 02:45:56 KST 2020,http://book.naver.com/bookdb/book_detail.nhn?bid=16324215, 틸다킴,퀸즈셀렉션,"20,700원(-10%)"
악녀 카루나가 작아졌어요. 4,https://bookthumb-phinf.pstatic.net/cover/163/392/16339219.jpg?type=m1&udate=Fri Apr 24 02:45:56 KST 2020,http://book.naver.com/bookdb/book_detail.nhn?bid=16339219, 문이경,동아,"10,800원(-10%)"
리그 오브 레전드: 공식 스토리북,https://bookthumb-phinf.pstatic.net/cover/163/400/16340081.jpg?type=m1&udate=Fri Apr 24 02:45:56 KST 2020,http://book.naver.com/bookdb/book_detail.nhn?bid=16340081, 라이엇 게임즈,제우미디어,"26,820원(-10%)"
언니가 남자 주인공을 주워 왔다 세트(한정판)(전5권),https://bookthumb-phinf.pstatic.net/cover/163/268/16326862.jpg?type=m1&udate=Fri Apr 24 02:45:56 KST 2020,http://book.naver.com/bookdb/book_detail.nhn?bid=16326862, 문시현,에이템포미디어,"59,400원(-10%)"
재혼 황후 3,https://bookthumb-phinf.pstatic.net/cover/163/306/16330680.jpg?type=m1&udate=Fri Apr 24 02:45:57 KST 2020,http://book.naver.com/bookdb/book_detail.nhn?bid=16330680, 알파타르트,해피북스투유,"12,600원(-10%)"
언니가 남자 주인공을 주워 왔다 1,https://bookthumb-phinf.pstatic.net/cover/163/268/16326855.jpg?type=m1&udate=Fri Apr 24 02:45:57 KST 2020,http://book.naver.com/bookdb/book_detail.nhn?bid=16326855, 문시현,에이템포미디어,"11,250원(-10%)"
언제까지나 쇼팽(양장본 HardCover),https://bookthumb-phinf.pstatic.net/cover/163/400/16340071.jpg?type=m1&udate=Fri Apr 24 02:45:57 KST 2020,http://book.naver.com/bookdb/book_detail.nhn?bid=16340071, 나카야마 시치리,블루홀식스(블루홀6),"14,400원(-10%)"
언니가 남자 주인공을 주워 왔다 2,https://bookthumb-phinf.pstatic.net/cover/163/268/16326858.jpg?type=m1&udate=Fri Apr 24 02:45:57 KST 2020,http://book.naver.com/bookdb/book_detail.nhn?bid=16326858, 문시현,에이템포미디어,"11,250원(-10%)"
언니가 남자 주인공을 주워 왔다 3,https://bookthumb-phinf.pstatic.net/cover/163/268/16326859.jpg?type=m1&udate=Fri Apr 24 02:45:57 KST 2020,http://book.naver.com/bookdb/book_detail.nhn?bid=16326859, 문시현,에이템포미디어,"11,250원(-10%)"
언니가 남자 주인공을 주워 왔다 4,https://bookthumb-phinf.pstatic.net/cover/163/268/16326860.jpg?type=m1&udate=Fri Apr 24 02:45:57 KST 2020,http://book.naver.com/bookdb/book_detail.nhn?bid=16326860, 문시현,에이템포미디어,"11,250원(-10%)"
언니가 남자 주인공을 주워 왔다 5,https://bookthumb-phinf.pstatic.net/cover/163/268/16326861.jpg?type=m1&udate=Fri Apr 24 02:45:57 KST 2020,http://book.naver.com/bookdb/book_detail.nhn?bid=16326861, 문시현,에이템포미디어,"11,250원(-10%)"
여성향 게임의 파멸 플래그밖에 없는 악역 영애로 환생해버렸다. 8(J노블 퍼플(J Novel Purple)),https://bookthumb-phinf.pstatic.net/cover/163/400/16340096.jpg?type=m1&udate=Fri Apr 24 02:45:57 KST 2020,http://book.naver.com/bookdb/book_detail.nhn?bid=16340096, 야마구치 사토루,서울문화사,"6,300원(-10%)"
유리구두가 깨지면,https://ssl.pstatic.net/static/book/image/juvenile_pest_82X116.gif&udate=Fri Apr 24 02:45:57 KST 2020,http://book.naver.com/bookdb/book_detail.nhn?bid=16338748, 이혜위,동아,"9,900원(-10%)"
위험천만한 연애 1,https://bookthumb-phinf.pstatic.net/cover/163/025/16302509.jpg?type=m1&udate=Fri Apr 24 02:45:57 KST 2020,http://book.naver.com/bookdb/book_detail.nhn?bid=16302509, 이지연,테라스북,"12,420원(-10%)"
천재들의 고양이,https://bookthumb-phinf.pstatic.net/cover/163/293/16329340.jpg?type=m1&udate=Fri Apr 24 02:45:57 KST 2020,http://book.naver.com/bookdb/book_detail.nhn?bid=16329340, 진주현,꿈공장플러스,"11,700원(-10%)"
두 개의 장벽,https://bookthumb-phinf.pstatic.net/cover/163/392/16339232.jpg?type=m1&udate=Fri Apr 24 02:45:57 KST 2020,http://book.naver.com/bookdb/book_detail.nhn?bid=16339232, 레나테 아렌스,꿈꾸다,"10,800원(-10%)"
위험천만한 연애 2,https://bookthumb-phinf.pstatic.net/cover/163/025/16302510.jpg?type=m1&udate=Fri Apr 24 02:45:57 KST 2020,http://book.naver.com/bookdb/book_detail.nhn?bid=16302510, 이지연,테라스북,"12,420원(-10%)"
재령,https://bookthumb-phinf.pstatic.net/cover/163/385/16338546.jpg?type=m1&udate=Fri Apr 24 02:45:57 KST 2020,http://book.naver.com/bookdb/book_detail.nhn?bid=16338546, 윤보인,나무옆의자,"11,700원(-10%)"
위험천만한 연애 세트,https://bookthumb-phinf.pstatic.net/cover/163/025/16302511.jpg?type=m1&udate=Fri Apr 24 02:45:57 KST 2020,http://book.naver.com/bookdb/book_detail.nhn?bid=16302511, 이지연,테라스북,"24,840원(-10%)"
울랄라 가족,https://bookthumb-phinf.pstatic.net/cover/163/295/16329568.jpg?type=m1&udate=Fri Apr 24 02:45:57 KST 2020,http://book.naver.com/bookdb/book_detail.nhn?bid=16329568, 김상하,창해,"13,500원(-10%)"
노멀 피플,https://bookthumb-phinf.pstatic.net/cover/163/392/16339250.jpg?type=m1&udate=Fri Apr 24 02:45:57 KST 2020,http://book.naver.com/bookdb/book_detail.nhn?bid=16339250, 샐리 루니,아르테(arte),"12,600원(-10%)"
동물원 옆 미술관,https://bookthumb-phinf.pstatic.net/cover/163/385/16338572.jpg?type=m1&udate=Fri Apr 24 02:45:57 KST 2020,http://book.naver.com/bookdb/book_detail.nhn?bid=16338572, 송지성,마롱,"8,100원(-10%)"
분리된 기억의 세계,https://bookthumb-phinf.pstatic.net/cover/163/382/16338268.jpg?type=m1&udate=Fri Apr 24 02:45:57 KST 2020,http://book.naver.com/bookdb/book_detail.nhn?bid=16338268, 고바야시 야스미,하빌리스,"13,050원(-10%)"
베르가모의 페스트 외(양장본 HardCover),https://bookthumb-phinf.pstatic.net/cover/163/386/16338641.jpg?type=m1&udate=Fri Apr 24 02:45:57 KST 2020,http://book.naver.com/bookdb/book_detail.nhn?bid=16338641, 옌스 페테르 야콥센,열린책들,"10,620원(-10%)"
"빌바오, 3월의 눈",https://bookthumb-phinf.pstatic.net/cover/163/392/16339242.jpg?type=m1&udate=Fri Apr 24 02:45:57 KST 2020,http://book.naver.com/bookdb/book_detail.nhn?bid=16339242, 김경순,문학수첩,"10,800원(-10%)"
농담을 싫어하는 사람들,https://bookthumb-phinf.pstatic.net/cover/163/286/16328698.jpg?type=m1&udate=Fri Apr 24 02:45:57 KST 2020,http://book.naver.com/bookdb/book_detail.nhn?bid=16328698, 정지돈 글 윤예지,마음산책,"12,600원(-10%)"
우리는 시벨리우스공화국에서 만난다,https://bookthumb-phinf.pstatic.net/cover/163/383/16338341.jpg?type=m1&udate=Fri Apr 24 02:45:57 KST 2020,http://book.naver.com/bookdb/book_detail.nhn?bid=16338341, 박승오,문예바다,"10,800원(-10%)"
평지에 뜨는 달,https://bookthumb-phinf.pstatic.net/cover/163/398/16339896.jpg?type=m1&udate=Fri Apr 24 02:45:57 KST 2020,http://book.naver.com/bookdb/book_detail.nhn?bid=16339896, 아사쿠사 가스미 저,직선과곡선,"12,600원(-10%)"
권력의 가문 메디치 2,https://bookthumb-phinf.pstatic.net/cover/163/293/16329335.jpg?type=m1&udate=Fri Apr 24 02:45:57 KST 2020,http://book.naver.com/bookdb/book_detail.nhn?bid=16329335, 마테오 스트루쿨,메디치미디어,"13,500원(-10%)"
밤의 책,https://bookthumb-phinf.pstatic.net/cover/163/409/16340909.jpg?type=m1&udate=Fri Apr 24 02:45:57 KST 2020,http://book.naver.com/bookdb/book_detail.nhn?bid=16340909, 실비 제르맹,문학동네,"14,220원(-10%)"
권력의 가문 메디치 3,https://bookthumb-phinf.pstatic.net/cover/163/293/16329336.jpg?type=m1&udate=Fri Apr 24 02:45:57 KST 2020,http://book.naver.com/bookdb/book_detail.nhn?bid=16329336, 마테오 스트루쿨,메디치미디어,"13,500원(-10%)"
대한민국의 몰락과 부활. 1,https://bookthumb-phinf.pstatic.net/cover/163/400/16340080.jpg?type=m1&udate=Fri Apr 24 02:45:57 KST 2020,http://book.naver.com/bookdb/book_detail.nhn?bid=16340080, 박인걸,북랩,"13,320원(-10%)"
모래 별 쏟아지는 밤(할리퀸 로맨스 HR 277),https://bookthumb-phinf.pstatic.net/cover/163/296/16329647.jpg?type=m1&udate=Fri Apr 24 02:45:57 KST 2020,http://book.naver.com/bookdb/book_detail.nhn?bid=16329647, 캐롤 마리넬리,신영미디어,"4,680원(-10%)"
밑 빠진 용병대에 돈 붓기 1,https://bookthumb-phinf.pstatic.net/cover/163/387/16338765.jpg?type=m1&udate=Fri Apr 24 02:45:57 KST 2020,http://book.naver.com/bookdb/book_detail.nhn?bid=16338765, 체셔냐옹,동아,"10,800원(-10%)"
청소년을 위한 고전 소설 에세이,https://bookthumb-phinf.pstatic.net/cover/163/400/16340068.jpg?type=m1&udate=Fri Apr 24 02:45:57 KST 2020,http://book.naver.com/bookdb/book_detail.nhn?bid=16340068, 류수열,해냄출판사,"14,220원(-10%)"
억만장자 길들이기(할리퀸 로맨스 HR 278),https://bookthumb-phinf.pstatic.net/cover/163/296/16329650.jpg?type=m1&udate=Fri Apr 24 02:45:57 KST 2020,http://book.naver.com/bookdb/book_detail.nhn?bid=16329650, 미랜다 리,신영미디어,"4,680원(-10%)"
밑 빠진 용병대에 돈 붓기 2,https://bookthumb-phinf.pstatic.net/cover/163/387/16338766.jpg?type=m1&udate=Fri Apr 24 02:45:57 KST 2020,http://book.naver.com/bookdb/book_detail.nhn?bid=16338766, 체셔냐옹,동아,"10,800원(-10%)"
모두가 해피엔딩(할리퀸 로맨스 HR 279),https://ssl.pstatic.net/static/book/image/juvenile_pest_82X116.gif&udate=Fri Apr 24 02:45:57 KST 2020,http://book.naver.com/bookdb/book_detail.nhn?bid=16329653, 캣 쉴드,신영미디어,"4,680원(-10%)"
사랑은 구름 속에서(할리퀸 로맨스 HR 280),https://bookthumb-phinf.pstatic.net/cover/163/296/16329654.jpg?type=m1&udate=Fri Apr 24 02:45:57 KST 2020,http://book.naver.com/bookdb/book_detail.nhn?bid=16329654, 페니 조던,신영미디어,"4,680원(-10%)"
선켄락 3,https://ssl.pstatic.net/static/book/image/juvenile_pest_82X116.gif&udate=Fri Apr 24 02:45:57 KST 2020,http://book.naver.com/bookdb/book_detail.nhn?bid=16338762, Boichi 글그림,메모리얼북스,"5,400원(-10%)"
소용돌이 안내소(가마쿠라)(반양장),https://bookthumb-phinf.pstatic.net/cover/163/395/16339543.jpg?type=m1&udate=Fri Apr 24 02:45:57 KST 2020,http://book.naver.com/bookdb/book_detail.nhn?bid=16339543, 아오야마 미치코,직선과곡선,"13,500원(-10%)"
권력의 가문 메디치 1,https://bookthumb-phinf.pstatic.net/cover/163/293/16329334.jpg?type=m1&udate=Fri Apr 24 02:45:57 KST 2020,http://book.naver.com/bookdb/book_detail.nhn?bid=16329334, 마테오 스트루쿨,메디치미디어,"13,500원(-10%)"
사랑하는 나의 도시,https://bookthumb-phinf.pstatic.net/cover/163/399/16339940.jpg?type=m1&udate=Fri Apr 24 02:45:57 KST 2020,http://book.naver.com/bookdb/book_detail.nhn?bid=16339940, 조영지,바른북스,"12,510원(-10%)"
조선남자 7,https://bookthumb-phinf.pstatic.net/cover/163/308/16330842.jpg?type=m1&udate=Fri Apr 24 02:45:57 KST 2020,http://book.naver.com/bookdb/book_detail.nhn?bid=16330842, K. 석우,어울림출판사,"7,200원(-10%)"
황태자비의 남자,https://bookthumb-phinf.pstatic.net/cover/163/317/16331788.jpg?type=m1&udate=Fri Apr 24 02:45:58 KST 2020,http://book.naver.com/bookdb/book_detail.nhn?bid=16331788, 진숙,봄미디어,"10,800원(-10%)"
회귀하여 90년대 톱스타되기 8,https://bookthumb-phinf.pstatic.net/cover/163/308/16330843.jpg?type=m1&udate=Fri Apr 24 02:45:58 KST 2020,http://book.naver.com/bookdb/book_detail.nhn?bid=16330843, 의향도,어울림출판사,"7,200원(-10%)"
위대한 개츠비(미니북),https://bookthumb-phinf.pstatic.net/cover/163/383/16338316.jpg?type=m1&udate=Fri Apr 24 02:45:58 KST 2020,http://book.naver.com/bookdb/book_detail.nhn?bid=16338316, F. 스콧 피츠제럴드,자화상,"5,310원(-10%)"
족구의 풍경,https://bookthumb-phinf.pstatic.net/cover/163/395/16339548.jpg?type=m1&udate=Fri Apr 24 02:45:58 KST 2020,http://book.naver.com/bookdb/book_detail.nhn?bid=16339548, 오수완,위즈덤하우스,"11,700원(-10%)"
얼굴이 사라진 밤,https://bookthumb-phinf.pstatic.net/cover/163/395/16339540.jpg?type=m1&udate=Fri Apr 24 02:45:58 KST 2020,http://book.naver.com/bookdb/book_detail.nhn?bid=16339540, 루이즈 젠슨,교보문고,"13,320원(-10%)"
이름 없는 고양이(양장본 HardCover),https://bookthumb-phinf.pstatic.net/cover/163/399/16339986.jpg?type=m1&udate=Fri Apr 24 02:45:58 KST 2020,http://book.naver.com/bookdb/book_detail.nhn?bid=16339986, 다케시타 후미코,살림,"10,800원(-10%)"
심야 비서 2/완결,https://ssl.pstatic.net/static/book/image/juvenile_pest_82X116.gif&udate=Fri Apr 24 02:45:58 KST 2020,http://book.naver.com/bookdb/book_detail.nhn?bid=16330343, 미몽,마야마루출판사,"8,100원(-10%)"
소설 예수 2,https://bookthumb-phinf.pstatic.net/cover/163/209/16320978.jpg?type=m1&udate=Fri Apr 24 02:45:58 KST 2020,http://book.naver.com/bookdb/book_detail.nhn?bid=16320978, 윤석철,나남,"14,220원(-10%)"
소설 예수 1,https://bookthumb-phinf.pstatic.net/cover/163/209/16320976.jpg?type=m1&udate=Fri Apr 24 02:45:58 KST 2020,http://book.naver.com/bookdb/book_detail.nhn?bid=16320976, 윤석철,나남,"13,320원(-10%)"
에냐도르의 전설,https://bookthumb-phinf.pstatic.net/cover/163/001/16300101.jpg?type=m1&udate=Fri Apr 24 02:45:58 KST 2020,http://book.naver.com/bookdb/book_detail.nhn?bid=16300101, 미라 발렌틴,사일런스북,"13,320원(-10%)"
천마를 삼켰다 10,https://bookthumb-phinf.pstatic.net/cover/163/408/16340889.jpg?type=m1&udate=Fri Apr 24 02:45:58 KST 2020,http://book.naver.com/bookdb/book_detail.nhn?bid=16340889, Stag,파피루스(디앤씨미디어),"7,200원(-10%)"
당신의 매니저 11,https://bookthumb-phinf.pstatic.net/cover/163/408/16340893.jpg?type=m1&udate=Fri Apr 24 02:45:58 KST 2020,http://book.naver.com/bookdb/book_detail.nhn?bid=16340893, 몽계,파피루스(디앤씨미디어),"7,200원(-10%)"
뮬란 새로운 여정(디즈니 오리지널 노블),https://bookthumb-phinf.pstatic.net/cover/163/306/16330654.jpg?type=m1&udate=Fri Apr 24 02:45:58 KST 2020,http://book.naver.com/bookdb/book_detail.nhn?bid=16330654, 엘리자베스 림,라곰,"14,220원(-10%)"
천하제일 대사형 14,https://bookthumb-phinf.pstatic.net/cover/163/408/16340894.jpg?type=m1&udate=Fri Apr 24 02:45:58 KST 2020,http://book.naver.com/bookdb/book_detail.nhn?bid=16340894, 북미혼,파피루스(디앤씨미디어),"7,200원(-10%)"
바다로 향하는 물고기들,https://bookthumb-phinf.pstatic.net/cover/163/315/16331531.jpg?type=m1&udate=Fri Apr 24 02:45:58 KST 2020,http://book.naver.com/bookdb/book_detail.nhn?bid=16331531, 시마모토 리오,해냄출판사,"13,500원(-10%)"
심야 비서 1,https://ssl.pstatic.net/static/book/image/juvenile_pest_82X116.gif&udate=Fri Apr 24 02:45:58 KST 2020,http://book.naver.com/bookdb/book_detail.nhn?bid=16330341, 미몽,마야마루출판사,"8,100원(-10%)"
월면도시 PART1:일광욕의 날,https://bookthumb-phinf.pstatic.net/cover/163/400/16340054.jpg?type=m1&udate=Fri Apr 24 02:45:58 KST 2020,http://book.naver.com/bookdb/book_detail.nhn?bid=16340054, 김동식,CABINET,"11,700원(-10%)"
피와뼈. 2,https://ssl.pstatic.net/static/book/image/juvenile_pest_82X116.gif&udate=Fri Apr 24 02:45:58 KST 2020,http://book.naver.com/bookdb/book_detail.nhn?bid=16339966, 김성모,우주미디어,"5,700원(-5%)"
화이트아웃,https://bookthumb-phinf.pstatic.net/cover/163/383/16338345.jpg?type=m1&udate=Fri Apr 24 02:45:58 KST 2020,http://book.naver.com/bookdb/book_detail.nhn?bid=16338345, 장용호,필리리스토리,"13,500원(-10%)"
8서클 마법사의 환생. 17 (완결),https://bookthumb-phinf.pstatic.net/cover/163/400/16340095.jpg?type=m1&udate=Fri Apr 24 02:45:58 KST 2020,http://book.naver.com/bookdb/book_detail.nhn?bid=16340095, 자리,로크미디어,"7,200원(-10%)"
천재소독비 27/완결,https://bookthumb-phinf.pstatic.net/cover/163/307/16330713.jpg?type=m1&udate=Fri Apr 24 02:45:58 KST 2020,http://book.naver.com/bookdb/book_detail.nhn?bid=16330713, 지에모,파란미디어,"13,500원(-10%)"
천재소독비 외전,https://bookthumb-phinf.pstatic.net/cover/163/307/16330715.jpg?type=m1&udate=Fri Apr 24 02:45:58 KST 2020,http://book.naver.com/bookdb/book_detail.nhn?bid=16330715, 지에모,파란미디어,"13,500원(-10%)"
나노머신 재벌 3세. 7,https://bookthumb-phinf.pstatic.net/cover/163/392/16339257.jpg?type=m1&udate=Fri Apr 24 02:45:58 KST 2020,http://book.naver.com/bookdb/book_detail.nhn?bid=16339257, 풍류태,영상출판미디어(영상노트),"7,200원(-10%)"
연기의 신이 되었다 8,https://bookthumb-phinf.pstatic.net/cover/163/399/16339901.jpg?type=m1&udate=Fri Apr 24 02:45:58 KST 2020,http://book.naver.com/bookdb/book_detail.nhn?bid=16339901, 르뽀렘,파피루스(디앤씨미디어),"7,200원(-10%)"
9999회차 SSS급 정찰병. 4,https://bookthumb-phinf.pstatic.net/cover/163/392/16339260.jpg?type=m1&udate=Fri Apr 24 02:45:58 KST 2020,http://book.naver.com/bookdb/book_detail.nhn?bid=16339260, 트래스크,영상출판미디어(영상노트),"7,200원(-10%)"
죄악의 열매,https://bookthumb-phinf.pstatic.net/cover/163/258/16325834.jpg?type=m1&udate=Fri Apr 24 02:45:58 KST 2020,http://book.naver.com/bookdb/book_detail.nhn?bid=16325834, 춈춈,가하,"12,420원(-10%)"
술만 마시고 레벨 업 9,https://bookthumb-phinf.pstatic.net/cover/163/399/16339902.jpg?type=m1&udate=Fri Apr 24 02:45:58 KST 2020,http://book.naver.com/bookdb/book_detail.nhn?bid=16339902, 펩티드,파피루스(디앤씨미디어),"7,200원(-10%)"
탱고를 추는 神父,https://bookthumb-phinf.pstatic.net/cover/163/399/16339945.jpg?type=m1&udate=Fri Apr 24 02:45:58 KST 2020,http://book.naver.com/bookdb/book_detail.nhn?bid=16339945, 정인,바른북스,"12,420원(-10%)"
"더킹, 왕이 되는자 5",https://bookthumb-phinf.pstatic.net/cover/163/399/16339904.jpg?type=m1&udate=Fri Apr 24 02:45:58 KST 2020,http://book.naver.com/bookdb/book_detail.nhn?bid=16339904, 배가,파피루스(디앤씨미디어),"7,200원(-10%)"
피와뼈. 1,https://ssl.pstatic.net/static/book/image/juvenile_pest_82X116.gif&udate=Fri Apr 24 02:45:58 KST 2020,http://book.naver.com/bookdb/book_detail.nhn?bid=16339965, 김성모,우주미디어,"5,700원(-5%)"
청룡 춘풍유희. 2,https://bookthumb-phinf.pstatic.net/cover/163/392/16339237.jpg?type=m1&udate=Fri Apr 24 02:45:58 KST 2020,http://book.naver.com/bookdb/book_detail.nhn?bid=16339237, 혁명,어울림,"7,200원(-10%)"
로봇 교사 1,https://bookthumb-phinf.pstatic.net/cover/163/189/16318985.jpg?type=m1&udate=Fri Apr 24 02:45:58 KST 2020,http://book.naver.com/bookdb/book_detail.nhn?bid=16318985, 이희준,별숲,"10,800원(-10%)"
생사의 게임,https://bookthumb-phinf.pstatic.net/cover/163/178/16317815.jpg?type=m1&udate=Fri Apr 24 02:45:58 KST 2020,http://book.naver.com/bookdb/book_detail.nhn?bid=16317815, 시드니 셀던,문지사,"13,500원(-10%)"
비둘기(2020 파트리크 쥐스킨트 리뉴얼 시리즈),https://bookthumb-phinf.pstatic.net/cover/163/296/16329620.jpg?type=m1&udate=Fri Apr 24 02:45:58 KST 2020,http://book.naver.com/bookdb/book_detail.nhn?bid=16329620, 파트리크 쥐스킨트,열린책들,"11,520원(-10%)"
까떼드랄 주점에서의 대화 2,https://bookthumb-phinf.pstatic.net/cover/163/318/16331858.jpg?type=m1&udate=Fri Apr 24 02:45:58 KST 2020,http://book.naver.com/bookdb/book_detail.nhn?bid=16331858, 마리오 바르가스 요사,창비,"16,200원(-10%)"
업어 키운 여포 3,https://bookthumb-phinf.pstatic.net/cover/163/387/16338752.jpg?type=m1&udate=Fri Apr 24 02:45:58 KST 2020,http://book.naver.com/bookdb/book_detail.nhn?bid=16338752, 유수,위시북스,"7,200원(-10%)"
GV 빌런 고태경,https://bookthumb-phinf.pstatic.net/cover/163/303/16330384.jpg?type=m1&udate=Fri Apr 24 02:45:58 KST 2020,http://book.naver.com/bookdb/book_detail.nhn?bid=16330384, 정대건,은행나무,"12,150원(-10%)"
로봇 교사 2,https://bookthumb-phinf.pstatic.net/cover/163/189/16318987.jpg?type=m1&udate=Fri Apr 24 02:45:58 KST 2020,http://book.naver.com/bookdb/book_detail.nhn?bid=16318987, 이희준,별숲,"10,800원(-10%)"
신 호모데우스전,https://bookthumb-phinf.pstatic.net/cover/163/263/16326344.jpg?type=m1&udate=Fri Apr 24 02:45:58 KST 2020,http://book.naver.com/bookdb/book_detail.nhn?bid=16326344, 이상권,특별한서재,"10,800원(-10%)"
콘트라바스 Der Kontrabass(2020 파트리크 쥐스킨트 리뉴얼 시리즈),https://bookthumb-phinf.pstatic.net/cover/163/296/16329624.jpg?type=m1&udate=Fri Apr 24 02:45:58 KST 2020,http://book.naver.com/bookdb/book_detail.nhn?bid=16329624, 파트리크 쥐스킨트,열린책들,"11,520원(-10%)"
어새신즈 프라이드 11,https://bookthumb-phinf.pstatic.net/cover/163/385/16338534.jpg?type=m1&udate=Fri Apr 24 02:45:58 KST 2020,http://book.naver.com/bookdb/book_detail.nhn?bid=16338534, 아마기 케이,영상출판미디어(영상노트),"6,300원(-10%)"
회귀자 사용설명서 23,https://bookthumb-phinf.pstatic.net/cover/163/387/16338753.jpg?type=m1&udate=Fri Apr 24 02:45:58 KST 2020,http://book.naver.com/bookdb/book_detail.nhn?bid=16338753, 흙수저,위시북스,"7,200원(-10%)"
내 마음에 새끼 고양이,https://bookthumb-phinf.pstatic.net/cover/163/382/16338209.jpg?type=m1&udate=Fri Apr 24 02:45:58 KST 2020,http://book.naver.com/bookdb/book_detail.nhn?bid=16338209, 소피 드 빌누아지,르네상스,"12,150원(-10%)"
잃어버린 시절을 찾아서 완간 세트(전12권),https://bookthumb-phinf.pstatic.net/cover/163/287/16328704.jpg?type=m1&udate=Fri Apr 24 02:45:58 KST 2020,http://book.naver.com/bookdb/book_detail.nhn?bid=16328704, 마르셀 프루스트,펭귄클래식코리아,"99,000원(-10%)"
피프티 피플(티트라 에디션)(한정판),https://bookthumb-phinf.pstatic.net/cover/163/306/16330682.jpg?type=m1&udate=Fri Apr 24 02:45:58 KST 2020,http://book.naver.com/bookdb/book_detail.nhn?bid=16330682, 정세랑,창비,"16,200원(-35%)"
실격문장의 최강현자 5,https://bookthumb-phinf.pstatic.net/cover/163/385/16338540.jpg?type=m1&udate=Fri Apr 24 02:45:58 KST 2020,http://book.naver.com/bookdb/book_detail.nhn?bid=16338540, 신코쇼토,영상출판미디어(영상노트),"9,000원(-10%)"
펠리시티: 벽의 꽃이 악마를 만나면 1,https://bookthumb-phinf.pstatic.net/cover/163/382/16338232.jpg?type=m1&udate=Fri Apr 24 02:45:58 KST 2020,http://book.naver.com/bookdb/book_detail.nhn?bid=16338232, 새라 맥클레인,파피펍,없음
남궁쟁천기 6,https://bookthumb-phinf.pstatic.net/cover/163/387/16338754.jpg?type=m1&udate=Fri Apr 24 02:45:58 KST 2020,http://book.naver.com/bookdb/book_detail.nhn?bid=16338754, 일황,파피루스(디앤씨미디어),"7,200원(-10%)"
실버로드,https://bookthumb-phinf.pstatic.net/cover/163/253/16325317.jpg?type=m1&udate=Fri Apr 24 02:45:58 KST 2020,http://book.naver.com/bookdb/book_detail.nhn?bid=16325317, 스티나 약손,마음서재,"13,050원(-10%)"
시어니 트윌과 거울 마법(시어니 트윌과 마법 시리즈 2),https://bookthumb-phinf.pstatic.net/cover/163/292/16329279.jpg?type=m1&udate=Fri Apr 24 02:45:58 KST 2020,http://book.naver.com/bookdb/book_detail.nhn?bid=16329279, 찰리 N. 홈버그,이덴슬리벨,"13,950원(-10%)"
일의 기쁨과 슬픔(티트라 에디션)(한정판),https://bookthumb-phinf.pstatic.net/cover/163/306/16330684.jpg?type=m1&udate=Fri Apr 24 02:45:58 KST 2020,http://book.naver.com/bookdb/book_detail.nhn?bid=16330684, 장류진,창비,"16,200원(-35%)"
문호 스트레이독스 6,https://bookthumb-phinf.pstatic.net/cover/163/385/16338545.jpg?type=m1&udate=Fri Apr 24 02:45:58 KST 2020,http://book.naver.com/bookdb/book_detail.nhn?bid=16338545, 아사기리 카프카,영상출판미디어(영상노트),"6,300원(-10%)"
펠리시티: 벽의 꽃이 악마를 만나면 2,https://bookthumb-phinf.pstatic.net/cover/163/382/16338233.jpg?type=m1&udate=Fri Apr 24 02:45:58 KST 2020,http://book.naver.com/bookdb/book_detail.nhn?bid=16338233, 새라 맥클레인,파피펍,없음
나는 헌터가 싫다 10,https://bookthumb-phinf.pstatic.net/cover/163/387/16338756.jpg?type=m1&udate=Fri Apr 24 02:45:58 KST 2020,http://book.naver.com/bookdb/book_detail.nhn?bid=16338756, 강찬,파피루스(디앤씨미디어),"7,200원(-10%)"
이카루스의 날개(엄상익의 변론 문학 2),https://bookthumb-phinf.pstatic.net/cover/163/386/16338636.jpg?type=m1&udate=Fri Apr 24 02:45:58 KST 2020,http://book.naver.com/bookdb/book_detail.nhn?bid=16338636, 엄상익,바이블리더스,"14,400원(-10%)"
이 세계에서 너와 두 번째 첫사랑을,https://bookthumb-phinf.pstatic.net/cover/163/273/16327339.jpg?type=m1&udate=Fri Apr 24 02:45:58 KST 2020,http://book.naver.com/bookdb/book_detail.nhn?bid=16327339, 모치즈키 쿠라게 저,북스토리,"11,520원(-10%)"
시어니 트윌과 종이 심장(시어니 트윌과 마법 시리즈 1),https://bookthumb-phinf.pstatic.net/cover/163/293/16329377.jpg?type=m1&udate=Fri Apr 24 02:45:58 KST 2020,http://book.naver.com/bookdb/book_detail.nhn?bid=16329377, 찰리 N. 홈버그,이덴슬리벨,"13,950원(-10%)"
우리가 빚의 속도로 갈 수 없다면(티트라 에디션)(한정판),https://bookthumb-phinf.pstatic.net/cover/163/306/16330688.jpg?type=m1&udate=Fri Apr 24 02:45:58 KST 2020,http://book.naver.com/bookdb/book_detail.nhn?bid=16330688, 김초엽,허블,"15,700원(-37%)"
신이 축복한 남자. 7,https://bookthumb-phinf.pstatic.net/cover/163/392/16339239.jpg?type=m1&udate=Fri Apr 24 02:45:58 KST 2020,http://book.naver.com/bookdb/book_detail.nhn?bid=16339239, 정한담,로크미디어,"7,200원(-10%)"
중국 재벌 6,https://bookthumb-phinf.pstatic.net/cover/163/387/16338757.jpg?type=m1&udate=Fri Apr 24 02:45:58 KST 2020,http://book.naver.com/bookdb/book_detail.nhn?bid=16338757, 팬텀에릭,파피루스(디앤씨미디어),"7,200원(-10%)"
후가는 유가,https://bookthumb-phinf.pstatic.net/cover/163/288/16328843.jpg?type=m1&udate=Fri Apr 24 02:45:59 KST 2020,http://book.naver.com/bookdb/book_detail.nhn?bid=16328843, 이사카 고타로,현대문학,"12,420원(-10%)"
깊이에의 강요,https://bookthumb-phinf.pstatic.net/cover/163/295/16329559.jpg?type=m1&udate=Fri Apr 24 02:45:59 KST 2020,http://book.naver.com/bookdb/book_detail.nhn?bid=16329559, 파트리크 쥐스킨트,열린책들,"11,520원(-10%)"
우리는 자라고 있다(낮은산 청소년문학 키큰나무 19),https://bookthumb-phinf.pstatic.net/cover/163/307/16330716.jpg?type=m1&udate=Fri Apr 24 02:45:59 KST 2020,http://book.naver.com/bookdb/book_detail.nhn?bid=16330716, 윤해연,낮은산,"9,900원(-10%)"
토마스 만 단편 전집. 1(부클래식 82),https://bookthumb-phinf.pstatic.net/cover/163/252/16325219.jpg?type=m1&udate=Fri Apr 24 02:45:59 KST 2020,http://book.naver.com/bookdb/book_detail.nhn?bid=16325219, 토마스 만,부북스,"10,800원(-10%)"
승부,https://bookthumb-phinf.pstatic.net/cover/163/296/16329603.jpg?type=m1&udate=Fri Apr 24 02:45:59 KST 2020,http://book.naver.com/bookdb/book_detail.nhn?bid=16329603, 파트리크 쥐스킨트,열린책들,"11,520원(-10%)"
404 이름을 찾을 수 없습니다,https://bookthumb-phinf.pstatic.net/cover/163/318/16331821.jpg?type=m1&udate=Fri Apr 24 02:45:59 KST 2020,http://book.naver.com/bookdb/book_detail.nhn?bid=16331821, 무명,율도국,"13,500원(-10%)"
은퇴 좀 해라 3,https://bookthumb-phinf.pstatic.net/cover/163/387/16338750.jpg?type=m1&udate=Fri Apr 24 02:45:59 KST 2020,http://book.naver.com/bookdb/book_detail.nhn?bid=16338750, 생착률95,동아,"7,200원(-10%)"
사랑,https://bookthumb-phinf.pstatic.net/cover/163/295/16329599.jpg?type=m1&udate=Fri Apr 24 02:45:59 KST 2020,http://book.naver.com/bookdb/book_detail.nhn?bid=16329599, 파트리크 쥐스킨트,열린책들,"13,320원(-10%)"
나스타샤(개정판)(양장본 HardCover),https://bookthumb-phinf.pstatic.net/cover/163/181/16318146.jpg?type=m1&udate=Fri Apr 24 02:45:59 KST 2020,http://book.naver.com/bookdb/book_detail.nhn?bid=16318146, 조지수,북핀,"15,300원(-10%)"
"청룡, 춘풍유희 1",https://bookthumb-phinf.pstatic.net/cover/163/308/16330845.jpg?type=m1&udate=Fri Apr 24 02:45:59 KST 2020,http://book.naver.com/bookdb/book_detail.nhn?bid=16330845, 혁명,어울림출판사,"7,200원(-10%)"
곤륜패선 5,https://bookthumb-phinf.pstatic.net/cover/163/387/16338755.jpg?type=m1&udate=Fri Apr 24 02:45:59 KST 2020,http://book.naver.com/bookdb/book_detail.nhn?bid=16338755, 윤시현,위시북스,"7,200원(-10%)"
일주일 만에 사랑할 순 없다(김동식 소설집 8),https://bookthumb-phinf.pstatic.net/cover/162/936/16293677.jpg?type=m1&udate=Fri Apr 24 02:45:59 KST 2020,http://book.naver.com/bookdb/book_detail.nhn?bid=16293677, 김동식,요다,"11,700원(-10%)"
향수,https://bookthumb-phinf.pstatic.net/cover/163/296/16329605.jpg?type=m1&udate=Fri Apr 24 02:45:59 KST 2020,http://book.naver.com/bookdb/book_detail.nhn?bid=16329605, 파트리크 쥐스킨트,열린책들,"13,320원(-10%)"
까떼드랄 주점에서의 대화 1,https://bookthumb-phinf.pstatic.net/cover/163/318/16331855.jpg?type=m1&udate=Fri Apr 24 02:45:59 KST 2020,http://book.naver.com/bookdb/book_detail.nhn?bid=16331855, 마리오 바르가스 요사,창비,"16,200원(-10%)"
9클래스 소드 마스터 11,https://bookthumb-phinf.pstatic.net/cover/163/387/16338751.jpg?type=m1&udate=Fri Apr 24 02:45:59 KST 2020,http://book.naver.com/bookdb/book_detail.nhn?bid=16338751, 이형석,위시북스,"7,200원(-10%)"
무등산에 묻다,https://bookthumb-phinf.pstatic.net/cover/163/233/16323309.jpg?type=m1&udate=Fri Apr 24 02:45:59 KST 2020,http://book.naver.com/bookdb/book_detail.nhn?bid=16323309, 이주숙,지식과감성,"10,800원(-10%)"
박사다요시의 귀향,https://bookthumb-phinf.pstatic.net/cover/163/399/16339981.jpg?type=m1&udate=Fri Apr 24 02:45:59 KST 2020,http://book.naver.com/bookdb/book_detail.nhn?bid=16339981, 김옥주,북코리아,"12,600원(-10%)"
거울 나라의 앨리스(더디 세계문학 15),https://bookthumb-phinf.pstatic.net/cover/163/318/16331853.jpg?type=m1&udate=Fri Apr 24 02:45:59 KST 2020,http://book.naver.com/bookdb/book_detail.nhn?bid=16331853, 루이스 캐럴,더디퍼런스,"7,920원(-10%)"
1레벨 플레이어 16,https://bookthumb-phinf.pstatic.net/cover/163/297/16329742.jpg?type=m1&udate=Fri Apr 24 02:45:59 KST 2020,http://book.naver.com/bookdb/book_detail.nhn?bid=16329742, 송치현,로크미디어,"7,200원(-10%)"
조선의 수학자 홍정하,https://bookthumb-phinf.pstatic.net/cover/163/293/16329317.jpg?type=m1&udate=Fri Apr 24 02:45:59 KST 2020,http://book.naver.com/bookdb/book_detail.nhn?bid=16329317, 이창숙,궁리,"13,500원(-10%)"
피할 수 없는 거짓말,https://bookthumb-phinf.pstatic.net/cover/163/242/16324229.jpg?type=m1&udate=Fri Apr 24 02:45:59 KST 2020,http://book.naver.com/bookdb/book_detail.nhn?bid=16324229, 크리스티나 올손,북레시피,"14,400원(-10%)"
황룡의 비상. 12,https://bookthumb-phinf.pstatic.net/cover/163/382/16338269.jpg?type=m1&udate=Fri Apr 24 02:45:59 KST 2020,http://book.naver.com/bookdb/book_detail.nhn?bid=16338269, 이윤규,로크미디어,"7,200원(-10%)"
이상한 나라의 앨리스,https://bookthumb-phinf.pstatic.net/cover/163/263/16326356.jpg?type=m1&udate=Fri Apr 24 02:45:59 KST 2020,http://book.naver.com/bookdb/book_detail.nhn?bid=16326356, 루이스 캐럴,알에이치코리아(RHK),"12,600원(-10%)"
죄와 벌 1,https://bookthumb-phinf.pstatic.net/cover/163/314/16331493.jpg?type=m1&udate=Fri Apr 24 02:45:59 KST 2020,http://book.naver.com/bookdb/book_detail.nhn?bid=16331493, 표도르 도스토예프스키,살림,"9,900원(-10%)"
헌터하는 마왕님 8,https://bookthumb-phinf.pstatic.net/cover/163/385/16338515.jpg?type=m1&udate=Fri Apr 24 02:45:59 KST 2020,http://book.naver.com/bookdb/book_detail.nhn?bid=16338515, 방탄유리,파피루스,"7,200원(-10%)"
R.U.R.,https://bookthumb-phinf.pstatic.net/cover/163/308/16330841.jpg?type=m1&udate=Fri Apr 24 02:45:59 KST 2020,http://book.naver.com/bookdb/book_detail.nhn?bid=16330841, 카렐 차페크,이음,"10,800원(-10%)"
죄와 벌 2,https://bookthumb-phinf.pstatic.net/cover/163/314/16331494.jpg?type=m1&udate=Fri Apr 24 02:45:59 KST 2020,http://book.naver.com/bookdb/book_detail.nhn?bid=16331494, 표도르 도스토예프스키,살림,"9,900원(-10%)"
다시쓰는 필모 그래피,https://bookthumb-phinf.pstatic.net/cover/163/385/16338532.jpg?type=m1&udate=Fri Apr 24 02:45:59 KST 2020,http://book.naver.com/bookdb/book_detail.nhn?bid=16338532, 윤준모,파피루스,"7,200원(-10%)"
'베아트릭스 포터'의 피터 래빗 동화 선집 - 영어동화 쓰기 (영어원서)  : The Complete Works of Peter Ra,https://bookthumb-phinf.pstatic.net/cover/163/318/16331804.jpg?type=m1&udate=Fri Apr 24 02:45:59 KST 2020,http://book.naver.com/bookdb/book_detail.nhn?bid=16331804, 베아트릭스 포터 (Beatrix Potter),부크크(Bookk),"17,400원"
재벌의 탄생 4,https://bookthumb-phinf.pstatic.net/cover/163/303/16330360.jpg?type=m1&udate=Fri Apr 24 02:45:59 KST 2020,http://book.naver.com/bookdb/book_detail.nhn?bid=16330360, 텀블러,영상출판미디어(영상노트),"7,200원(-10%)"
동물농장(양장),https://bookthumb-phinf.pstatic.net/cover/163/297/16329769.jpg?type=m1&udate=Fri Apr 24 02:45:59 KST 2020,http://book.naver.com/bookdb/book_detail.nhn?bid=16329769, 조지 오웰,아름다운날,"9,720원(-10%)"
레전드급 낙오자 4,https://bookthumb-phinf.pstatic.net/cover/163/315/16331537.jpg?type=m1&udate=Fri Apr 24 02:45:59 KST 2020,http://book.naver.com/bookdb/book_detail.nhn?bid=16331537, 홍성은,청어람,"7,200원(-10%)"
지구 행성에서 너와 내가,https://bookthumb-phinf.pstatic.net/cover/163/208/16320861.jpg?type=m1&udate=Fri Apr 24 02:45:59 KST 2020,http://book.naver.com/bookdb/book_detail.nhn?bid=16320861, 김민경,사계절,"10,800원(-10%)"
고생했으니 쉬렵니다 5,https://bookthumb-phinf.pstatic.net/cover/163/303/16330361.jpg?type=m1&udate=Fri Apr 24 02:45:59 KST 2020,http://book.naver.com/bookdb/book_detail.nhn?bid=16330361, 전정현,영상출판미디어(영상노트),"7,200원(-10%)"
게임 폐인의 리셋 라이프,https://bookthumb-phinf.pstatic.net/cover/163/385/16338517.jpg?type=m1&udate=Fri Apr 24 02:45:59 KST 2020,http://book.naver.com/bookdb/book_detail.nhn?bid=16338517, 한길,파피루스,"7,200원(-10%)"
공화국,https://bookthumb-phinf.pstatic.net/cover/163/288/16328844.jpg?type=m1&udate=Fri Apr 24 02:45:59 KST 2020,http://book.naver.com/bookdb/book_detail.nhn?bid=16328844, 요스트 더프리스,현대문학,"13,500원(-10%)"
원산에서 철원까지,https://bookthumb-phinf.pstatic.net/cover/163/394/16339466.jpg?type=m1&udate=Fri Apr 24 02:45:59 KST 2020,http://book.naver.com/bookdb/book_detail.nhn?bid=16339466, 장해성,예옥,"18,000원(-10%)"
헌터 레볼루션 11,https://bookthumb-phinf.pstatic.net/cover/163/304/16330435.jpg?type=m1&udate=Fri Apr 24 02:45:59 KST 2020,http://book.naver.com/bookdb/book_detail.nhn?bid=16330435, 정사부,뿔미디어,"7,200원(-10%)"
신을 기다리고 있어,https://bookthumb-phinf.pstatic.net/cover/163/293/16329326.jpg?type=m1&udate=Fri Apr 24 02:45:59 KST 2020,http://book.naver.com/bookdb/book_detail.nhn?bid=16329326, 하타노 도모미,문학동네,"12,420원(-10%)"
나는 될 놈이다 13,https://bookthumb-phinf.pstatic.net/cover/163/308/16330816.jpg?type=m1&udate=Fri Apr 24 02:45:59 KST 2020,http://book.naver.com/bookdb/book_detail.nhn?bid=16330816, 글쓰는기계,위시북스,"7,200원(-10%)"
